{"input_size": 2, "weights": [0.8154355563271033, 0.8209513574917836], "bias": 0.5454623046062957}